ID,Name,Tags,Emotion,Keywords,Types_Content,Types_Form,Duration,IsDownloaded,Uri,Source,IsWatched,IsLiked,Rank,DateTime
1,zywoo和ropz两翼齐飞_大黄蜂强势杀入半决赛舞台,CS donk m0nesy niko ropz cs2 zywoo,2,zywoo ropz 两翼齐飞 大黄蜂 半决赛 CS donk m0nesy niko cs2,游戏体育,集锦剪辑,359,0,https://www.bilibili.com/video/BV12GomYbES9,,1,0,1,2025/3/1 8:25
2,“动物的无语瞬间”,,0,动物 无语 瞬间,生态环境,搞笑娱乐,126,0,https://www.bilibili.com/video/BV1fHQcYME3U,,3,-1,2,2025/3/1 10:43
3,会飞的鱼吃起来如何,刺身 飛魚 自製刺身 海鮮 生魚片 《大学生就业指南-美食版》,0,会飞 鱼 刺身 飛魚 自製刺身 海鮮 生魚片 大学生 就业 指南 美食,美食出行,讲解议论,829,0,https://www.bilibili.com/video/BV1knXnYeEH7,,2,-1,1,2025/3/1 10:46
4,【CSGO】扫射转移名场面大全！来看看你有几个在现场吧！全看过的上辈子是真反恐精英了！！！,CS CSGO 龙哥 魔男 rain 魔法子弹 s1mple NiKo 电子哥 扫射转移,2,CSGO 扫射 转移 名场面 反恐精英 CS 龙哥 魔男 rain 魔法子弹 s1mple NiKo 电子哥,游戏体育,集锦剪辑,206,0,https://www.bilibili.com/video/BV1sMXtYdEE1,,2,1,3,2025/3/1 14:04
5,养一窝剧毒马蜂，一年下来能赚多少钱？,生活记录 虎头蜂 马蜂 马蜂养殖,0,剧毒 马蜂 赚钱 生活记录 虎头蜂 马蜂养殖,生活体验,记录拍摄,310,0,https://www.bilibili.com/video/BV13PQNYTEGp,,3,0,3,2025/3/1 14:08
6,CS中不同武器享受者be_like：,武器 CSGO 搞笑 CS FPS 功能饮料享受者 人间真实 wargame belike,0,CS 武器 CSGO 搞笑 FPS 功能饮料 享受者 人间真实 wargame belike,游戏体育,搞笑娱乐,70,0,https://www.bilibili.com/video/BV1BgoUYSE1N,,2,0,2,2025/3/1 14:26
7,这次抓鱼真是过瘾！没想到这能遇到这么多河虾，今晚夜宵有着落了,生活记录 鱼 记录 乡村 捕鱼 夜宵 三农,1,抓鱼 过瘾 河虾 夜宵 生活记录 乡村 捕鱼 三农,生活体验,记录拍摄,247,0,https://www.bilibili.com/video/BV1eAXwYPEM7,,1,1,2,2025/3/1 16:36
8,《杂家小子》的白切鸡套餐真的能干20多碗饭？,美食制作 #友望吸尘器 白切鸡 杂家小子 BILIBILI美食研究所-踏春尝鲜季,0,杂家小子 白切鸡 套餐 饭 美食制作 友望吸尘器 BILIBILI美食研究所 踏春尝鲜季,美食出行,搞笑娱乐,321,1,https://www.bilibili.com/video/BV1nfoCYrECJ,,3,0,3,2025/3/1 16:39
9,黄鱼煨面_这黄鱼应该是野生的吧_,家常菜 刺身 美食制作 海鲜 黃魚 金門 BILIBILI美食研究所-踏春尝鲜季,0,黄鱼 煨面 野生 家常菜 刺身 美食制作 海鲜 黃魚 金門 BILIBILI 美食 研究所 踏春尝鲜季,美食出行,教程攻略,981,0,https://www.bilibili.com/video/BV1QTRAYTEGe,,2,1,3,2025/3/1 16:43
10,女生欠钱VS男生欠钱,假面骑士 特摄 动漫 败犬女友 八奈见 城户真司 龙骑 女生VS男生,0,女生 欠钱 男生 假面骑士 特摄 动漫 败犬女友 八奈见 城户真司 龙骑,影视动画,搞笑娱乐,71,1,https://www.bilibili.com/video/BV1q6XsYTEsw,,2,0,2,2025/3/1 16:49
11,【中字熟肉】想成为b1ad3手下的一员吗，19年6月首届NAVI青训营预选细节,电子竞技 CS b1ad3 NAVI Junior b1t 十五勇士孵化基地 年级教导主任布雷德 谁,0,中字 熟肉 b1ad3 NAVI 青训营 预选 电子竞技 CS Junior b1t 十五勇士孵化基地 年级教导主任布雷德,游戏体育,教程攻略,870,0,https://www.bilibili.com/video/BV1gkX8Y3EXM,,3,1,4,2025/3/1 16:51
13,和11岁的小魔头丁丁组队__有的天赋就是浑然天成~,CNCS未来 CS2地图理解 CS2 战术 CS2 个人技巧 CS2组队 CS2 dingding ,1,小魔头 丁丁 组队 天赋 CNCS CS2 地图 理解 战术 个人技巧,游戏体育,表演创作,702,0,https://www.bilibili.com/video/BV1GfoyYhEes,,2,1,3,2025/3/1 19:45
14,广东高州进宅酒席，1250元13道菜，烧乳猪石斑鱼鲍鱼都集全了，这样的菜式不比酒店的出品差吧？,广东 粤语 街头美食 海鲜 鲍鱼 农村酒席,1,广东 高州 进宅 酒席 烧乳猪 石斑鱼 鲍鱼 粤语 街头美食 海鲜 农村酒席,美食出行,记录拍摄,830,0,https://www.bilibili.com/video/BV1bXR5YKEbr,,3,0,3,2025/3/1 19:49
15,李渊当上太上皇后，成了武德殿老赖，赶都赶不走,古装 唐朝,0,李渊 太上皇 武德殿 老赖 古装 唐朝,历史政治,表演创作,147,0,https://www.bilibili.com/video/BV1RAXsYaELa,,3,1,4,2025/3/1 19:53
16,【日料刀工系列】甘鲷松笠烧,美食制作 日本料理 日本 松笠烧 甘鲷 BILIBILI美食研究所-踏春尝鲜季,0,日料 刀工 甘鲷 松笠烧 美食制作 日本料理 日本 BILIBILI美食研究所 踏春尝鲜季,美食出行,教程攻略,330,0,https://www.bilibili.com/video/BV1dtXTYHEg9,,3,0,3,2025/3/1 19:57
17,营长刚要结婚，没想到老家的童养媳找来了。,电视剧 军歌嘹亮 高大山 军旅 司令 营长 爱的100种表达方式,-1,营长 结婚 老家 童养媳 电视剧 军歌嘹亮 高大山 军旅 司令 爱 表达 方式,影视动画,集锦剪辑,167,0,https://www.bilibili.com/video/BV1qWQgYZEJn,,2,1,3,2025/3/2 2:10
18,G2掀翻蒙古_五人火力全开搭上淘汰赛末班车,donk m0nesy G2 niko ropz cs2 zywoo,2,G2 蒙古 五人 火力全开 淘汰赛 donk m0nesy niko ropz cs2 zywoo,游戏体育,集锦剪辑,387,0,https://www.bilibili.com/video/BV1zbomYmE1X,,1,0,1,2025/3/2 2:14
19,为什么日本精神小妹用魔爪泡饭？日本年轻人多贫困？,高能 搞笑 奇葩 日本 精神小妹 魔爪泡饭 日本穷人 二手 地雷妹 WOMEN UP ! 2025,0,日本 精神小妹 魔爪泡饭 年轻人 贫困 高能 搞笑 奇葩 日本穷人 二手 地雷妹 WOMEN UP ! 2025,社会经济,搞笑娱乐,492,1,https://www.bilibili.com/video/BV1rQotYcEK7,,3,1,4,2025/3/2 2:17
20,5e上赛季392分？_从完美B回来5E定到D_,手游情报 直播录像,0,5e 赛季 完美B 定级 手游情报 直播录像,游戏体育,其他,236,0,https://www.bilibili.com/video/BV1PLXCYTEdE,,3,1,4,2025/3/2 8:44
21,台湾79岁大爷怀疑47岁女友出轨，给其下药趁其熟睡割其五官，事后两人互不追责相约白头偕老,奇闻 台湾 男人,-1,台湾 大爷 女友 出轨 下药 熟睡 割五官 互不追责 白头偕老 奇闻 男人,新闻发现,其他,678,0,https://www.bilibili.com/video/BV16hRNYbE7n,,1,1,2,2025/3/2 8:48
22,【CSGO】你知道这些职业选手的真名吗，带你重新认识这些职业选手，结尾有彩蛋,搞笑整活 玩机器6657 CSGO职业选手姓名 CSGO赛场外趣事 CSGO知名职业选手 csgo-,1,CSGO 职业选手 真名 彩蛋 搞笑整活 玩机器6657 赛场外趣事 知名职业选手,游戏体育,搞笑娱乐,672,0,https://www.bilibili.com/video/BV1QWXyYSEiB,,1,1,2,2025/3/2 8:50
23,二战中为什么巷战最难打,战争 步枪 人物 历史 德国 二战 巷战,0,二战 巷战 战争 步枪 人物 历史 德国,历史政治,讲解议论,408,1,https://www.bilibili.com/video/BV1Ty9VYfErc,,3,0,3,2025/3/2 8:52
24,别人还在野外忍饥挨饿时_男人就已经顶着暴雪住进了自家搭建的庇护所,庇护所建造 纪录片结束 解压 野外生存 野外建造,1,庇护所 暴雪 野外生存 解压 纪录片 建造 男人,生活体验,记录拍摄,802,0,https://www.bilibili.com/video/BV1aL92YoEL9,,1,0,1,2025/3/2 10:24
25,一口气看完吴彦祖经典电影《除暴》,电影解说 电影剪辑 精彩片段 吴彦祖 犯罪 动作,1,吴彦祖 电影 除暴 电影解说 剪辑 精彩片段 犯罪 动作,影视动画,集锦剪辑,808,0,https://www.bilibili.com/video/BV1SGXsYxEN2,,3,0,3,2025/3/2 10:42
26,【爱点TV】大嘴Thorin：点子哥应该去非洲打CS【大嘴播客邀请KennyS讨论点子哥和A队的问题,CS Cadian 点子哥 大嘴 A队 玩机器 Astralis KennyS Device Tho,0,CS Cadian 点子哥 大嘴 A队 玩机器 Astralis KennyS Device Thorin,游戏体育,讲解议论,541,0,https://www.bilibili.com/video/BV1qNoyYqEBZ,,2,0,2,2025/3/2 10:44
27,【艾尔登法环DLC】基于热爱！1+0定番速杀狂龙贝勒全思路_u002F禁飞,BOSS ARPG 艾尔登法环 1+0速杀 狂龙贝勒 讲解 定番 教程攻略,2,艾尔登法环 DLC BOSS ARPG 1+0速杀 狂龙贝勒 教程 攻略 定番,游戏体育,教程攻略,937,0,https://www.bilibili.com/video/BV1YXPYenE2X,,2,-1,1,2025/3/2 10:47
28,【毕导】往开水里尿尿，开水会瞬间逆流而上烫伤你？请看VCR！,实验 科普 科学 马兰戈尼效应 追觅扫地机 京东新品重磅日 追觅S50pro 扫地机器人 京东新品,1,实验 科普 科学 马兰戈尼效应 追觅扫地机 京东新品 扫地机器人,科普科技,搞笑娱乐,561,0,https://www.bilibili.com/video/BV1qQoWYyEJo,,1,-1,0,2025/3/2 10:51
29,【吐槽】黄毒都沾的逆天乙游男主！！女主还对他不离不弃？？？,游戏视频 女性向 恋爱游戏 吐槽 低血压治疗 芙蓉净土赐予安息 乙游,-1,乙游 男主 黄毒 女主 不离不弃 游戏视频 女性向 恋爱 吐槽 低血压治疗,游戏体育,搞笑娱乐,645,0,https://www.bilibili.com/video/BV1uhXWYsEfU,,1,-1,0,2025/3/2 12:24
30,【Gouldy】15分钟感受狠人大师级XANTARESPEEK,CSGO 游戏集锦 集锦 大拉 CS2 XANTARES 狠人 PEEK 土耳其狠人 XANTARE,2,CSGO 游戏集锦 XANTARES PEEK 狠人 土耳其 大师级 CS2,影视动画,表演创作,905,0,https://www.bilibili.com/video/BV1kHXpYrEWH,,3,0,3,2025/3/2 12:26
31,户外烤皮卡尼亚牛排，看到第几秒你会吞口水？,烧烤 大自然 美食制作 晚餐 户外 露营 4K高清 餐桌 户外美食,1,户外 烤牛排 皮卡尼亚 美食 烧烤 大自然 晚餐 露营 4K高清,美食出行,搞笑娱乐,739,0,https://www.bilibili.com/video/BV14C93YQEbr,,2,1,3,2025/3/2 19:57
32,一集更比一集癫！看完《难哄》的我命很苦了！,电视剧 白敬亭 吐槽 影评杂谈 桑延 温以凡 难哄 人人都能聊影视5.0 现偶 章若楠,-1,难哄 电视剧 白敬亭 吐槽 影评 桑延 温以凡 现偶 章若楠,影视动画,讲解议论,801,0,https://www.bilibili.com/video/BV1MfXPYeEJY,,3,-1,2,2025/3/2 19:59
33,以__帕特里克·贝特曼”的第一视角来讲述美国精神病人究竟讲了个什么故事？,电影解说 独白 第一视角 电影 影评杂谈 西格玛男人 西格玛 男人,0,电影解说 美国 精神病人 帕特里克·贝特曼 第一视角 影评 西格玛男人,游戏体育,集锦剪辑,781,0,https://www.bilibili.com/video/BV1AxXfY1Est,,2,0,2,2025/3/2 20:01
34,探秘美国黑人区的廉价美食！7.99黑哥穷鬼盒饭太离谱了！,美国 街头美食 美食侦探 国外 子文又饿了 美国美食 黑人 探店 国外美食 美国餐厅,0,美国 黑人区 廉价美食 穷鬼 盒饭 街头美食 探店 国外美食 子文又饿了,美食出行,记录拍摄,421,0,https://www.bilibili.com/video/BV1W9o1YXE8x,,3,0,3,2025/3/2 20:03
35,欧洲区Major名额大挪移，G2飞升A队要G,donk monesy G2 Major spirit Navi niko vitality cs2,2,Major G2 A队 donk m0nesy spirit Navi niko vitality cs2,游戏体育,教程攻略,141,0,https://www.bilibili.com/video/BV1zxomYSEmz,,2,0,2,2025/3/2 20:23
37,受害者视角！NAVI三人组合砍6-39瞬间！,CSGO 电子竞技 POV CS2 名场面 职业选手 打卡挑战,1,CSGO NAVI 三人组 电子竞技 POV CS2 名场面 职业选手,游戏体育,集锦剪辑,225,1,https://www.bilibili.com/video/BV1q8osYUEin,,3,1,4,2025/3/2 23:07
38,离开美国，欧洲国家仍有能力实现防务自主,欧洲 美国 资讯直通车7.0,0,欧洲 美国 防务 自主 资讯直通车7.0,时事国际,讲解议论,301,0,https://www.bilibili.com/video/BV1K89qY4E8e,,2,-1,1,2025/3/2 23:10
39,78元韩料自助，自动泡面机煮泡面会更好吃吗？,美食侦探 美食 美食vlog 美食探店 BILIBILI美食研究所-踏春尝鲜季,0,韩料 自助 泡面机 美食 探店 BILIBILI美食研究所 踏春尝鲜季,美食出行,搞笑娱乐,732,1,https://www.bilibili.com/video/BV122oeYZEZy,,1,-1,0,2025/3/3 0:31
40,少看一集都剪不出来,孙悟空 葫芦娃 杨戬 鬼畜 CF手游弦起惊虹 葫芦娃乱入CF手游 CFM 哪吒,0,孙悟空 葫芦娃 杨戬 鬼畜 CF手游 弦起惊虹 CFM 哪吒,影视动画,集锦剪辑,128,1,https://www.bilibili.com/video/BV1GPX1YpErE,,3,1,4,2025/3/3 0:34
41,探索欧洲：探索挪威重水工厂，揭秘第三帝国核武计划的秘密,二战 德国 世界 经典电影 希特勒 欧洲 挪威 元首,0,探索 欧洲 挪威 重水 工厂 揭秘 第三帝国 核武 计划 秘密 二战 德国 世界 经典电影 希特勒 元首  ,历史政治,讲解议论,415,1,https://www.bilibili.com/video/BV1Fao6YYEXx,,1,0,1,2025/3/3 0:34
42,重生之谁言熊族无大帝,熊大 脑洞 鬼畜 熊出没 抽象,1,重生 熊族 大帝 熊大 脑洞 鬼畜 熊出没 抽象  ,热梗恶搞,搞笑娱乐,77,0,https://www.bilibili.com/video/BV1S6XzYYENe,,1,0,1,2025/3/3 0:36
43,菜市场是不是专坑年轻人？回答我！,我老爸得了MVP 回答我！ 菜市场 年轻人 小明剑魔,-1,菜市场 坑 年轻人 回答 我老爸 MVP 小明剑魔  ,社会经济,讲解议论,84,0,https://www.bilibili.com/video/BV11zotYuEjQ,,2,0,2,2025/3/3 0:38
45,印尼赶海抓蟹王，职业抓蟹人黑哥抓三斤以上螃蟹，带兄弟们开开眼,螃蟹 赶海 抓螃蟹 青蟹 国外赶海,1,印尼 赶海 抓蟹 蟹王 职业 抓蟹人 黑哥 螃蟹 青蟹 国外赶海  ,生活体验,记录拍摄,425,0,https://www.bilibili.com/video/BV1jZXGYTEqk,,1,1,2,2025/3/3 0:40
46,这真的是碳基生物能吃的玩意吗！？,家常菜 美食制作 最辣炸鸡 炸鸡 全球第一 辣鸡 死神辣椒 辣椒素 爆辣 《大学生就业指南-美食版》,-1,碳基生物 家常菜 美食 制作 炸鸡 辣鸡 死神 辣椒 辣椒素 爆辣 大学生 就业 指南  ,美食出行,搞笑娱乐,338,0,https://www.bilibili.com/video/BV1BQoxYpEbT,,3,1,4,2025/3/3 21:06
47,游戏：回答我！为什么玩单机？！！,单机 搞笑 游戏 搞笑动画 单机游戏 国产游戏 短片 动画 玩家 UP！小剧场,2,游戏 回答 单机 搞笑 动画 国产 短片 玩家 UP 小剧场  ,游戏体育,搞笑娱乐,384,0,https://www.bilibili.com/video/BV1YuXKY1EBF,,2,0,2,2025/3/3 21:09
48,从《拯救大兵瑞恩》来看二战美国陆军单兵装备细节,战争片 二战 拯救大兵瑞恩 二战美国陆军 二战美军单兵装备 单兵装备细节 单兵装备 游骑兵 诺曼底登,0,拯救大兵瑞恩 二战 美国 陆军 单兵 装备 细节 战争片 游骑兵 诺曼底  ,历史政治,记录拍摄,260,0,https://www.bilibili.com/video/BV1TqXWYnEwy,,1,1,2,2025/3/3 23:11
49,白宫承认误把记者拉进战争计划讨论群，泄露战争计划，巨大草台班子,白宫 战争 美国 特朗普 记者 华尔兹 美军 群聊 草台班子 青年用「财」图鉴5.0,-1,白宫 误 记者 战争 计划 泄露 草台班子 美国 特朗普 华尔兹 美军 群聊 青年 财 图鉴  ,时事国际,讲解议论,560,0,https://www.bilibili.com/video/BV1QYoaYfEmR,,3,0,3,2025/3/3 23:13
50,物化生得了MVP！,物理 生物 化学 回答我 我老爸得了MVP 牛顿 孟德尔 门捷列夫 小明剑魔,1,物化生 MVP 物理 生物 化学 回答 我老爸 牛顿 孟德尔 门捷列夫 小明剑魔  ,科普科技,讲解议论,306,0,https://www.bilibili.com/video/BV1zdXqYyENA,,2,-1,1,2025/3/3 23:15
51,第一次进厂做流水线｜本科毕业回小县城打工,工厂 上班族 大学生 毕业生 流水线 找工作 县城 本科毕业 寻找100个宝藏vlogger,-1,第一次 进厂 流水线 本科 毕业 小县城 打工 工厂 上班族 大学生 毕业生 找工作 宝藏 vlogger  ,社会经济,记录拍摄,202,0,https://www.bilibili.com/video/BV1XzoiY3ESX,,1,1,2,2025/3/3 23:19
52,烂得轰动世界！带你爽吃《白雪公主》——创下IMDB低分记录，为何如此糟糕？,动画 迪士尼 影评杂谈 疯人院影业 烂片有约 人人都能聊影视5.0 白雪公主 山寨电影 白雪公主与七,-1,烂片 轰动 世界 白雪公主 IMDB 低分 记录 动画 迪士尼 影评 疯人院 烂片 山寨 电影  ,影视动画,讲解议论,468,0,https://www.bilibili.com/video/BV1wWX1YzEqa,,3,0,3,2025/3/3 23:33
53,乌克兰，民族的悲歌：没有政治家的代价！！,美国 俄罗斯 俄乌 美乌 美乌矿产协议 乌克兰 乌克兰历史 俄乌冲突 俄乌战争 WOMEN UP !,-1,乌克兰 民族 悲歌 政治家 代价 美国 俄罗斯 俄乌 冲突 战争 历史 矿产 协议  ,历史政治,讲解议论,311,0,https://www.bilibili.com/video/BV1qgovYGERA,,3,-1,2,2025/3/3 23:36
55,「等等鸭测试」版本预告片！3月27日即将开测,手机游戏 等等鸭测试 开放世界 洛克王国 PC游戏,1,等等鸭 测试 版本 预告片 手机 游戏 开放 世界 洛克王国 PC  ,游戏体育,其他,165,0,https://www.bilibili.com/video/BV1B2ovYmEe1,,1,1,2,2025/3/3 23:43
56,原始天尊柳哥返厂_用卡车锻造少林虎头钩！《锻刀大赛》,解说 爆笑 手工 锻造 纪录片 柳哥 少林钩剑 人人都能聊影视5.0 沙雕 锻刀大赛,1,原始 天尊 柳哥 返厂 卡车 锻造 少林 虎头钩 锻刀 大赛 解说 爆笑 手工 纪录片 沙雕  ,科普科技,记录拍摄,892,1,https://www.bilibili.com/video/BV15xXxYiEes,,1,-1,0,2025/3/4 11:11
57,探秘北极圈！北极人一日三餐！到底吃什么？,美食 北极 旅行 旅游 测评 4K 生活记录 vlog 北极圈 出行,0,探秘 北极圈 北极 一日三餐 美食 旅行 旅游 测评 4K 生活 记录 vlog  ,美食出行,记录拍摄,483,0,https://www.bilibili.com/video/BV1ZHXNYmE7E,,1,0,1,2025/3/4 11:14
58,内存和显存的区别,学习 CPU 教程 电脑 英伟达 GPU 内存 显存,0,内存 显存 区别 学习 CPU 教程 电脑 英伟达 GPU  ,科普科技,教程攻略,808,0,https://www.bilibili.com/video/BV1SGXsYxESV,,1,-1,0,2025/3/4 11:18
59,因为23年的这幅画一直在被鉴ai，所以最后决定发一下吧,绘画 原创 AI 绘画过程 画渣,-1,画 鉴 AI 绘画 原创 过程 画渣  ,艺术音乐,表演创作,119,0,https://www.bilibili.com/video/BV1cMQbYQEex,,3,1,4,2025/3/4 11:20
60,波黑战争，二战后在欧洲爆发的规模最大的一次局部战争,历史 战争,-1,波黑 战争 二战 欧洲 爆发 规模 局部 历史,历史政治,记录拍摄,579,1,https://www.bilibili.com/video/BV15jR3YPEZd,,1,-1,0,2025/3/4 20:20
61,屠龙勇者终成恶龙,娱乐 生活记录 新人 扫描app,0,屠龙 勇者 恶龙 娱乐 生活 记录 新人 扫描 app  ,生活体验,搞笑娱乐,279,0,https://www.bilibili.com/video/BV19jovYMEU2,,2,-1,1,2025/3/4 20:22
62,法！王！！！！！！,我的世界 娱乐 搞笑 沙雕,2,法 王 我的世界 娱乐 搞笑 沙雕  ,游戏体育,搞笑娱乐,87,0,https://www.bilibili.com/video/BV1NVoeYHEWJ,,3,-1,2,2025/3/5 2:58
63,《高中生up主被班主任发现_？！》,高中生 搞笑 高能 生活记录 校园 传说之下 第五人格 学生 高中 三角符文 UP！小剧场,1,高中生 up主 班主任 发现 搞笑 高能 生活 记录 校园 传说之下 第五人格 学生 高中 三角符文 小剧场  ,生活体验,搞笑娱乐,434,0,https://www.bilibili.com/video/BV17aXCYxEbo,,3,-1,2,2025/3/5 8:05
64,求求你，别再刀了！B站陈奕迅《跳楼机》真.粤语版,TVB 粤语 陈奕迅 港乐 翻唱新星计划 跳楼机 广东歌 Eason,-1,求求 刀 B站 陈奕迅 跳楼机 粤语 版 TVB 港乐 翻唱 广东歌 Eason  ,艺术音乐,搞笑娱乐,206,0,https://www.bilibili.com/video/BV1daXrY2EPt,,2,-1,1,2025/3/5 8:07
65,你看过哪些炸裂逆天的野史？,历史 赵云 朱元璋 苏轼 野史 盘点 古人云,0,炸裂 逆天 野史 历史 赵云 朱元璋 苏轼 盘点 古人云  ,历史政治,讲解议论,72,0,https://www.bilibili.com/video/BV1ARX8YAEHd,,2,-1,1,2025/3/5 8:11
66,洗手是剩下0.1%的细菌belike,科学 细菌 洗手液 医学 belike,0,洗手 细菌 belike 科学 洗手液 医学  ,科普科技,搞笑娱乐,27,0,https://www.bilibili.com/video/BV1ST9bYuEma,,3,1,4,2025/3/5 8:14
68,兑现承诺的时间到了,动漫咨询,0,兑现 承诺 时间 动漫 咨询  ,影视动画,其他,90,0,https://www.bilibili.com/video/BV1R8XzY3ES9,,1,1,2,2025/3/5 8:33
69,《复仇者联盟5》演员名单公布！太惊喜了！居然有他们！,洛基 漫威 小罗伯特唐尼 神奇四侠 钢铁侠 人人都能聊影视5.0 复联5演员阵容 毁灭博士 复仇者联,2,复仇者联盟 5 演员 名单 公布 惊喜 洛基 漫威 小罗伯特唐尼 神奇四侠 钢铁侠 影视 复联5 毁灭博士 复仇者  ,影视动画,搞笑娱乐,259,1,https://www.bilibili.com/video/BV12fZgYxEK1,,1,1,2,2025/3/5 8:33
70,德爷终于在中国吃饱了！云南爽吃烤全羊_帝王级体验《决胜荒野》,贝爷 猎奇 单挑荒野 解说 爆笑 荒野求生 纪录片 荒野厨王 人人都能聊影视5.0 沙雕,2,德爷 中国 吃饱 云南 烤全羊 帝王 体验 决胜荒野 贝爷 猎奇 单挑 荒野 解说 爆笑 求生 纪录片 厨王 影视 沙雕  ,美食出行,搞笑娱乐,863,0,https://www.bilibili.com/video/BV1srZ3YoEKS,,3,1,4,2025/3/5 8:35
71,沙画：具“法轮功”背景的华裔夫妇杀女腌尸,恐怖 华裔,-1,沙画 法轮功 背景 华裔 夫妇 杀女 腌尸 恐怖  ,社会经济,记录拍摄,255,0,https://www.bilibili.com/video/BV1LpQ9YEESD,,3,1,4,2025/3/5 8:36
72,不装了！人生幸运就是遇到了初恋女友,青春 情侣 爱情 异地恋 恋爱 女朋友 初恋 寻找100个宝藏vlogger,1,人生 幸运 初恋 女友 青春 情侣 爱情 异地恋 恋爱 女朋友 宝藏 vlogger  ,生活体验,讲解议论,181,1,https://www.bilibili.com/video/BV1vfoxYmEEY,,1,-1,0,2025/3/5 8:38
74,电竞最黑暗的一面，三线选手法拉利，一场假赛8万刀！,游戏 FPS CS 赛事 比赛 电竞 假赛 forsaken,-1,电竞 黑暗 三线 选手 法拉利 假赛 游戏 FPS CS 赛事 比赛 forsaken  ,游戏体育,讲解议论,261,0,https://www.bilibili.com/video/BV1B2QoYbERh,,1,1,2,2025/3/5 13:04
75,特朗普政府正考虑承认克里米亚地区为俄罗斯领土？,资讯直通车7.0,0,特朗普 政府 克里米亚 俄罗斯 领土 资讯直通车  ,时事国际,讲解议论,262,1,https://www.bilibili.com/video/BV1cpXCYaEPs,,1,-1,0,2025/3/5 13:08
76,印度汽水，但是APEX音效,音效 FPS 娱乐 APEX英雄 印度汽水 APEX,0,印度 汽水 APEX 音效 FPS 娱乐 英雄  ,游戏体育,搞笑娱乐,98,0,https://www.bilibili.com/video/BV1M2X8YBEgH,,3,1,4,2025/3/5 13:12
77,真实印度系列4：印度人到底吃不吃牛肉和印度的强奸逻辑是什么？,人文 印度 社会 真实印度系列 牛肉 种姓制度 底层 达利特 劳苦大众 资讯直通车7.0,0,真实 印度 系列 牛肉 强奸 逻辑 人文 社会 种姓制度 底层 达利特 劳苦大众 资讯直通车  ,社会经济,讲解议论,911,0,https://www.bilibili.com/video/BV14XXnYkEFL,,3,0,3,2025/3/5 14:43
78,当年号称全国第一豪宅的“汤臣一品”，1.5亿一套房里面到底长啥样,别墅 豪宅 汤臣一品,0,全国 第一 豪宅 汤臣一品 1.5亿 房 别墅  ,社会经济,记录拍摄,539,0,https://www.bilibili.com/video/BV12kXAYxEEu,,2,1,3,2025/3/5 14:46
79,白细胞：回答我！,回答我 我老爸得了MVP 小明剑魔,0,白细胞 回答 MVP 小明 剑魔  ,科普科技,表演创作,65,1,https://www.bilibili.com/video/BV1wwXYYKEDG,,2,1,3,2025/3/5 14:50
81,为什么有人说二战德国油桶是最伟大的发明昵？,科普讲解,0,二战 德国 油桶 发明 科普 讲解  ,历史政治,讲解议论,357,0,https://www.bilibili.com/video/BV14MXaYGEZ6,,2,-1,1,2025/3/6 9:34
82,地球Online速通流MVP玩家！！,校园 恶搞 搞笑视频 大学 地球OL 守望先锋 高考 学生 MVP UP！小剧场,2,地球 Online 速通 MVP 玩家 校园 恶搞 搞笑 视频 大学 OL 守望先锋 高考 学生 小剧场  ,影视动画,搞笑娱乐,272,0,https://www.bilibili.com/video/BV1mLXsYWEpy,,3,1,4,2025/3/6 9:37
83,离谱！有没有人来管管泰国广告。。。,魔性 泰国 脑洞 搞笑 情侣 生活记录 高能 广告 奇葩 UP！小剧场,0,离谱 泰国 广告 魔性 脑洞 搞笑 情侣 生活 记录 高能 奇葩 小剧场  ,社会经济,搞笑娱乐,825,0,https://www.bilibili.com/video/BV1CioWYREVe,,3,0,3,2025/3/6 11:28
84,恶搞之家：最新一季，老乔化身蜘蛛人将皮特弄进医院,恶搞之家,0,恶搞 之家 老乔 蜘蛛人 皮特 医院  ,影视动画,搞笑娱乐,342,0,https://www.bilibili.com/video/BV1tqXWYnEwp,,1,1,2,2025/3/6 11:30
85,观众老爷老奶推荐的泡面，味道怎么样？帅小伙试试！,开箱 泡面 试吃 测评 方便面 美食 味道 老爷 美食测评 捕捉春日的风,0,观众 老爷 老奶 泡面 味道 帅小伙 试吃 开箱 测评 方便面 美食 春日 风  ,美食出行,搞笑娱乐,656,0,https://www.bilibili.com/video/BV1VoXkYJEhB,,3,0,3,2025/3/6 11:34
86,bLitz：对面反恐精英之神怎么赢？回答我！,donk m0NESY 回答我 bLitz 我老爸得了mvp G2 niko cs2 mongolz,0,bLitz 反恐精英 神 赢 donk m0NESY 回答 G2 niko cs2 mongolz mvp  ,游戏体育,记录拍摄,66,0,https://www.bilibili.com/video/BV1GxoDY7E19,,1,0,1,2025/3/6 11:41
88,肥牛虾滑响铃卷来了！米饭闻风丧胆。,番茄 深夜食堂 美食制作 响铃卷 番茄煲 肥牛虾滑响铃卷 无水番茄煲 虾滑 肥牛 捕捉春日的风,1,肥牛 虾滑 响铃卷 米饭 番茄 深夜 食堂 美食 制作 番茄煲 无水 春日 风  ,美食出行,教程攻略,229,0,https://www.bilibili.com/video/BV1CSXNYbE79,,3,-1,2,2025/3/6 11:47
89,流浪猫妈妈躺地上痛苦求救，即将出生的小猫崽卡在产道出不来,喵星人 是宠物更是家人 善待动物关爱生命 救护流浪猫 动物救助 流浪猫 宠物 流浪动物救助 橘猫 动,-1,流浪猫 妈妈 痛苦 求救 小猫崽 产道 喵星人 宠物 家人 善待 动物 救护 橘猫  ,生活体验,记录拍摄,738,0,https://www.bilibili.com/video/BV1x2oCYSEbf,,1,-1,0,2025/3/6 13:54
90,印尼高手抓斑琴虾蛄，全身带花纹的巨型皮皮虾，带大家见识一下,皮皮虾 赶海 虾蛄 爬虾 国外赶海,0,印尼 高手 斑琴 虾蛄 花纹 巨型 皮皮虾 赶海 爬虾 国外  ,生活体验,记录拍摄,427,0,https://www.bilibili.com/video/BV1QfXbY6E3h,,2,1,3,2025/3/6 13:58
91,和姐妹来了传说中的xxxx一番街…还得是东京啊…,旅行 摄影 日本 拍照 二次元 高能 东京 vlog 三星S25,1,姐妹 xxxx 一番街 东京 旅行 摄影 日本 拍照 二次元 高能 vlog 三星 S25  ,美食出行,记录拍摄,853,0,https://www.bilibili.com/video/BV1HvX6YdEer,,1,-1,0,2025/3/6 14:02
92,为啥你越无聊，大脑感知到的时间就会过得越快？,时间 大脑 淘宝真香 飞利浦旋风剃须刀 记忆 学生党 bilibili开学季,0,无聊 大脑 时间 感知 淘宝 真香 飞利浦 旋风 剃须刀 记忆 学生 bilibili 开学季  ,科普科技,讲解议论,273,1,https://www.bilibili.com/video/BV1ZeZGYnE2L,,1,1,2,2025/3/6 14:06
93,孩子出生当天，你发了什么朋友圈？,情感 生活记录 健康 父母 小朋友 亲子 家庭教育 朋友圈 孩子 我们的家庭日记12.0,1,孩子 出生 朋友圈 情感 生活 记录 健康 父母 小朋友 亲子 家庭 教育 家庭日记  ,生活体验,记录拍摄,121,0,https://www.bilibili.com/video/BV1NsXSYsEsA,,2,0,2,2025/3/6 16:15
94,洛洛：霹雳火寂寞了会找网约车吗？,鬼畜 搞笑 洛洛历险记 猕猴桃 蓝弧动画 武战道 霹雳火 国漫 小明剑魔 动漫二创激励计划·国漫季,0,洛洛 霹雳火 寂寞 网约车 鬼畜 搞笑 洛洛历险记 猕猴桃 蓝弧 动画 武战道 国漫 小明 剑魔 动漫 二创  ,影视动画,搞笑娱乐,151,0,https://www.bilibili.com/video/BV15dovYrET1,,3,0,3,2025/3/6 16:18
95,近半个世纪的蜕变，普鲁士如何从手下败将到称霸欧洲,战争 德国 历史 普鲁士 德军,0,蜕变 普鲁士 手下败将 称霸 欧洲 战争 德国 历史 德军  ,历史政治,记录拍摄,631,0,https://www.bilibili.com/video/BV1dko6YREQ7,,1,-1,0,2025/3/6 16:20
96,带你体验普通高中生的一天,生活记录 高中生 第一视角 校园 记录 高中,0,普通 高中生 一天 生活 记录 第一视角 校园 高中  ,生活体验,记录拍摄,307,0,https://www.bilibili.com/video/BV1mWXbYeEkG,,3,0,3,2025/3/6 18:16
97,老东西黄金精神偷窥老妈丽莎丽莎洗澡,剪辑 JOJO的奇妙冒险 动漫 动漫解说 动漫剪辑,0,老东西 黄金 精神 偷窥 老妈 丽莎丽莎 洗澡 剪辑 JOJO 奇妙冒险 动漫 解说  ,影视动画,集锦剪辑,652,0,https://www.bilibili.com/video/BV1WnQtY9EwR,,2,1,3,2025/3/6 18:18
98,“短短几分钟，听懂的人却花了整整十几年！”,人生 古装 李逍遥 仙剑奇侠传 仙剑奇侠传三 仙剑 童年 清微道长 人人都能聊影视5.0 现实,1,几分钟 听懂 十几年 人生 古装 李逍遥 仙剑奇侠传 仙剑三 童年 清微道长 影视 现实  ,影视动画,讲解议论,162,0,https://www.bilibili.com/video/BV1CwZ3YWEAA,,3,-1,2,2025/3/6 18:20
99,机器人来上我的班,显眼宝 宇树机器人入职宝骏 反转搞笑 UP！小剧场,0,机器人 上班 显眼宝 宇树 入职 宝骏 反转 搞笑 小剧场  ,科普科技,搞笑娱乐,224,0,https://www.bilibili.com/video/BV1hWQBYaEhs,,2,1,3,2025/3/6 18:23
100,大学体育生月入两万实战教学,腹肌 校园 大学 健身 大学生 实战教学,0,大学 体育生 月入 两万 实战 教学 腹肌 校园 健身 大学生,游戏体育,教程攻略,273,0,https://www.bilibili.com/video/BV15HXWYhEU4,,2,0,2,2025/3/6 20:11
101,小伙用火鸡面煮火锅，加入羊肉卷各种丸子简直太香啦，甜品是提拉米苏,吃货 提拉米苏 生活记录 火锅 火鸡面 Vlog 《大学生就业指南-美食版》,1,小伙 火鸡面 火锅 羊肉卷 丸子 香 甜品 提拉米苏 吃货 生活 记录 Vlog 大学生 就业 美食  ,美食出行,搞笑娱乐,467,1,https://www.bilibili.com/video/BV1J9Z3YUELo,,2,1,3,2025/3/6 23:19
102,运河隧道内清理废旧汽车，6人进去4人未归，美国罗莎运河事件,探险 潜水 事故 洞穴 洞穴潜水,-1,运河 隧道 废旧 汽车 清理 6人 4人 未归 美国 罗莎 事件 探险 潜水 事故 洞穴  ,探险故事,记录拍摄,524,0,https://www.bilibili.com/video/BV1j6XPY2E2u,,3,0,3,2025/3/6 23:23
103,阿嫲，我《出山》了,丁真 雪豹 花粥 纯真 理塘 出山,0,阿嫲 出山 丁真 雪豹 花粥 纯真 理塘  ,社会经济,讲解议论,173,0,https://www.bilibili.com/video/BV1r6ovYQEBF,,1,1,2,2025/3/6 23:26
104,唱的是“囍”，却处处是凄凉,翻唱 古风歌 国风 音乐 国风歌曲 翻唱的N种打开方式2.0,-1,囍 凄凉 翻唱 古风 歌 国风 音乐 歌曲  ,艺术音乐,表演创作,177,0,https://www.bilibili.com/video/BV1ypXsYUEBm,,1,-1,0,2025/3/6 23:30
109,军事计划外泄，特朗普的草台班子怎能让盟友信任与合作,资讯直通车7.0,0,军事 计划 外泄 特朗普 草台班子 盟友 信任 合作 资讯直通车  ,时事国际,讲解议论,291,0,https://www.bilibili.com/video/BV15qoiYCEL2,,1,-1,0,2025/3/7 0:15
110,被困水下洞穴60小时，极为少见的洞潜获救案例，海盗洞事件,探险 转转回收 真实事件 洞穴 潜水 转转 洞穴潜水,1,被困 水下 洞穴 60小时 少见 洞潜 获救 海盗洞 事件 探险 转转 回收 真实 潜水  ,探险故事,讲解议论,691,0,https://www.bilibili.com/video/BV1XzoiY3EWF,,3,-1,2,2025/3/7 0:17
111,二十万全款拿下最新款洋车，文三人生高光时刻来了,电影解说,1,二十万 全款 洋车 文三 人生 高光 时刻 电影 解说  ,影视动画,讲解议论,92,0,https://www.bilibili.com/video/BV1QCZgYiE7i,,3,1,4,2025/3/7 0:21
112,香菜炒河蚬，这是童年的味道！,童年回忆 童年 蚬子 田园 河鲜 乡村美食 河蚬 捕捉春日的风,1,香菜 炒 河蚬 童年 味道 回忆 蚬子 田园 河鲜 乡村 美食 春日 风  ,美食出行,搞笑娱乐,278,0,https://www.bilibili.com/video/BV1nKXWYrEBy,,1,-1,0,2025/3/7 0:23
113,动画解说震惊全国的真实案件《河南地窖性奴案》16岁少女被拐进地窖，2元一次供村民消遣，村长免费！,动漫 同诗剃须刀 手绘动态漫 动画解说 案件 地窖 真实案件 悬疑故事 悬疑案件 画师激励计划第三期,-1,动画 解说 震惊 全国 真实 案件 河南 地窖 性奴 16岁 少女 拐 村民 消遣 村长 免费 动漫 剃须刀 手绘 动态漫 悬疑 故事 画师  ,影视动画,讲解议论,291,0,https://www.bilibili.com/video/BV1srZ3YoEyV,,2,1,3,2025/3/7 1:38
114,如何制造铀浓缩物，如何从矿山中提取的，从矿山到反应堆的裂变,现代化技术 现代化设备 三农 加工厂 农业,0,制造 铀 浓缩物 矿山 提取 反应堆 裂变 现代化 技术 设备 三农 加工厂 农业  ,科普科技,讲解议论,465,0,https://www.bilibili.com/video/BV193QRYyEbd,,1,1,2,2025/3/7 10:27
115,《小丑牌》作者公布开发日记：他最初只是为了让简历好看一点,游戏杂谈 小丑牌 游戏行业,0,小丑牌 作者 开发 日记 简历 好看 游戏 杂谈 行业  ,游戏体育,讲解议论,339,0,https://www.bilibili.com/video/BV1iCQnYRECv,,1,0,1,2025/3/7 12:08
116,学校催你签的三方协议？到底是什么？,职场 求职 58同城 经验分享 找工作 就业指导课 避坑指南 三方协议,0,学校 催 签 三方 协议 职场 求职 58同城 经验 分享 找工作 就业 指导 避坑  ,社会经济,讲解议论,213,0,https://www.bilibili.com/video/BV1GSXPY6E9p,,2,-1,1,2025/3/7 12:12
117,二战日本神风特攻队,历史 星海 海军,0,二战 日本 神风 特攻队 历史 星海 海军  ,历史政治,讲解议论,384,0,https://www.bilibili.com/video/BV1EzR8YcE9L,,3,0,3,2025/3/7 12:16
118,疣猪：命只有一条，要命的事却不止一件,猎豹 动物世界 纪录片 疣猪 豹子 野生动物 动物科普 动物总动员-毛孩子开学季,0,疣猪 命 一条 要命 事 猎豹 动物 世界 纪录片 豹子 野生 科普 总动员 毛孩子 开学季  ,科普科技,记录拍摄,161,0,https://www.bilibili.com/video/BV1NSXTYMEib,,1,1,2,2025/3/7 12:20
119,当实验室新来的师弟跟你爸年纪差不多时……,导师 研究生 科研 论文 博士 硕士 sci,0,实验室 师弟 爸 年纪 导师 研究生 科研 论文 博士 硕士 sci  ,科普科技,讲解议论,94,0,https://www.bilibili.com/video/BV1C89vYmESU,,2,1,3,2025/3/7 13:48
120,“小猫之力，祈愿打开这次元之门！”,摄影 猫 治愈向 可爱 少女 小猫 记录 人像写真,1,小猫 之力 祈愿 次元 门 摄影 猫 治愈 可爱 少女 记录 人像 写真,生活体验,记录拍摄,13,0,https://www.bilibili.com/video/BV1ctZgYmEMT,,1,-1,0,2025/3/7 13:52
121,那些年就算挨打也要玩的游戏,童年回忆 80后 90后 怀旧游戏,1,童年 回忆 80后 90后 怀旧 游戏 挨打  ,游戏体育,记录拍摄,81,0,https://www.bilibili.com/video/BV18Ao1YZEbf,,3,-1,2,2025/3/7 13:55
122,【Submechanophobia】水下机械恐惧症：当我们害怕水中的人造物时，我们在怕什么？,恐惧机制 网络美学 小众美学 Submechanophobia 水下机械恐惧症 水下人造物恐惧症 恐,0,水下 机械 恐惧症 人造物 害怕 Submechanophobia 美学 小众  ,游戏体育,讲解议论,180,0,https://www.bilibili.com/video/BV1GwQzYiEQF,,1,0,1,2025/3/7 13:58
123,给你们一个机会哄她，你们会怎么做？,生活记录 情感 爱情 机会 破次元大神集结令,0,机会 哄她 生活 记录 情感 爱情 破次元  ,生活体验,搞笑娱乐,601,0,https://www.bilibili.com/video/BV1XMZxY1E5z,,3,-1,2,2025/3/7 16:25
124,第一视角带你体验女大学生体测800长跑,校园 女大学生 大学生 体测,0,第一 视角 女大学生 体测 800 长跑 校园  ,生活体验,记录拍摄,233,0,https://www.bilibili.com/video/BV1KBoDYuEfQ,,2,1,3,2025/3/7 16:29
125,动漫都不敢取的名字_让你刷到了,运动 日本 体育 马拉松 跑步 不破聖衣来 强风吹拂 田径 长跑 中长跑,0,动漫 名字 运动 日本 体育 马拉松 跑步 不破聖衣来 强风吹拂 田径 长跑 中长跑  ,游戏体育,集锦剪辑,41,0,https://www.bilibili.com/video/BV1DjQnYVEaL,,1,0,1,2025/3/7 18:32
126,沙二进攻常见错误，召唤你的土匪朋友来看细节！！！,cs2新手教学 csgo 炙热沙城2 cs2,0,沙二 进攻 错误 土匪 细节 cs2 新手 教学 csgo 炙热沙城2  ,游戏体育,教程攻略,461,0,https://www.bilibili.com/video/BV1MzRMYDEfw,,3,0,3,2025/3/7 18:35
127,难蚌遇到祥子自动播放春日影,FPS CS 难蚌 春日影 祥子,0,难蚌 祥子 自动 播放 春日影 FPS CS  ,游戏体育,集锦剪辑,220,0,https://www.bilibili.com/video/BV17fX5Y5Eon,,1,1,2,2025/3/7 18:37
129,荒漠迷城防守方常见错误，视频长看完一定有收获,cs2教学 荒漠迷城 csgo cs2,0,荒漠迷城 防守 错误 收获 cs2 教学 csgo  ,游戏体育,教程攻略,467,0,https://www.bilibili.com/video/BV1UkQcY9EKv,,1,0,1,2025/3/7 20:32
131,贵出天际的日本小学生书包，到底有什么特殊的地方,包包 设计 日本 生活记录 天使之翼 拆解 书包 familiar,0,日本 小学生 书包 特殊 设计 生活 记录 天使之翼 拆解 familiar  ,生活体验,记录拍摄,485,0,https://www.bilibili.com/video/BV1t8NnerE1s,,2,1,3,2025/3/7 23:44
132,为什么玩乐器的人都不喜欢让别人碰自己的乐器？,钢琴 吉他 音乐 小提琴 乐器 吐槽 艺术 爱护 笛膜 演奏挑战赛12期,0,乐器 不喜欢 别人 碰 钢琴 吉他 音乐 小提琴 吐槽 艺术 爱护 笛膜 演奏  ,艺术音乐,讲解议论,121,0,https://www.bilibili.com/video/BV1ghZiYrEXr,,1,1,2,2025/3/7 23:46
133,新升级掉落：ASCENT系列游戏内实机检视一览,演示 升级掉落 cs2皮肤 cs2更新 皮肤 饰品 更新 游戏更新 皮肤监视 cs2,0,升级 掉落 ASCENT 游戏 实机 检视 演示 cs2 皮肤 更新 饰品  ,游戏体育,讲解议论,372,0,https://www.bilibili.com/video/BV11TZ4YKEfD,,3,1,4,2025/3/7 23:49
134,俄乌冲突3年，乌克兰能坚持打下去吗？钱还有，人不够，形势严峻！,俄罗斯 美国 历史 俄乌 乌克兰 俄乌冲突 资讯直通车7.0,0,俄乌 冲突 乌克兰 坚持 钱 人 形势 严峻 俄罗斯 美国 历史 资讯直通车  ,时事国际,讲解议论,377,0,https://www.bilibili.com/video/BV1Jd9RYaEpG,,2,0,2,2025/3/7 23:52
135,Blender分别在1h，10h，100h内制作的怪物，细节差多大？,CG 建模 3D 经验分享 雕刻 怪物 Blender,0,Blender 怪物 建模 细节 1h 10h 100h CG 3D 经验 分享 雕刻  ,科普科技,讲解议论,576,0,https://www.bilibili.com/video/BV1u6oRYWE7T,,1,0,1,2025/3/7 23:53
136,CS2武库更新！开205颗星星看看会出什么？,88dog 武库通行证 CS2开箱网站 武库星星号 星星号 CS2 ROLL,0,CS2 武库 更新 开箱 星星 88dog 通行证 ROLL  ,游戏体育,集锦剪辑,303,0,https://www.bilibili.com/video/BV18CZbYJELJ,,1,1,2,2025/3/8 9:22
138,3月29日CS饰品市场分析,FPS 电子竞技 CSGO开箱,0,3月29日 CS 饰品 市场 分析 FPS 电子竞技 CSGO 开箱  ,游戏体育,讲解议论,61,0,https://www.bilibili.com/video/BV1YAofYNEbu,,2,1,3,2025/3/8 9:27
139,“希望十年后的我们看到这条视频_依旧幸福”,匆匆那年 青春 短片 原创 你好2025 小剧场 过大年,1,希望 十年后 视频 幸福 青春 短片 原创 你好2025 小剧场 过大年  ,生活体验,表演创作,43,0,https://www.bilibili.com/video/BV18CKNe6EDu,,1,-1,0,2025/3/8 9:27
140,睡前聊一下我最近读的这本书_大家都可以有兴趣去看一看，或者说是听一听免费的,学习 生活记录 阅读,0,睡前 聊天 书 兴趣 阅读 学习 生活 记录 免费  ,生活体验,讲解议论,989,0,https://www.bilibili.com/video/BV1ZZoDYsEci,,2,-1,1,2025/3/8 9:30
141,西班牙在力量悬殊的情况下以4000人对抗50000，使奥斯曼付出惨痛的代价,西班牙 人文历史 战争知识 守城战争 外国知识 国外战争史 奥斯曼帝国 欧洲历史 以少胜多 万物研究,0,西班牙 力量 悬殊 4000 50000 奥斯曼 代价 人文 历史 战争 知识 守城 外国 国外 历史 以少胜多 万物研究  ,历史政治,讲解议论,896,0,https://www.bilibili.com/video/BV1xGQxYHETY,,3,-1,2,2025/3/8 16:57
143,穿越火线_CF最远古的充前武器之一，价值十元7天！,射击游戏 穿越火线 FPS,0,穿越火线 CF 远古 充前 武器 价值 十元 7天 射击 游戏 FPS  ,游戏体育,其他,303,0,https://www.bilibili.com/video/BV1NTRJYGEQJ,,2,0,2,2025/3/8 17:01
144,Frozen__Playing_with_ropz,Frozen mousesports ropz flashpoint,0,Frozen 游戏 ropz mousesports flashpoint  ,游戏体育,其他,42,0,https://www.bilibili.com/video/BV1kGRbYfEgJ,,3,0,3,2025/3/8 18:05
145,进来学习Niko同款远古遗迹常用道具合集！,尼公子 远古遗迹道具 NIKO 虾哥 CS2 ancient falcons,0,学习 Niko 远古遗迹 道具 合集 尼公子 虾哥 CS2 ancient falcons  ,游戏体育,教程攻略,171,0,https://www.bilibili.com/video/BV1iCo9YaEm5,,1,1,2,2025/3/8 18:07
146,相比于刘星的家庭，鼠标的家庭有时候确实会令人感到难受,家有儿女 杨紫 张一山 刘星 B站好片有奖种草,-1,刘星 家庭 鼠标 难受 家有儿女 杨紫 张一山 B站 好片  ,新闻发现,讲解议论,263,0,https://www.bilibili.com/video/BV156R5Y5E3e,,3,-1,2,2025/3/8 18:54
147,分享自用匪控香蕉道的公式流程,公式 CS 道具 香蕉道,0,分享 匪控 香蕉道 公式 流程 CS 道具  ,游戏体育,教程攻略,234,0,https://www.bilibili.com/video/BV12qRVY4EUZ,,3,0,3,2025/3/8 18:57
